0x5e95594cb9f3d82e1b25d6877aa2ed9ca29291d9b720f7679ebd830a04d15fa5, 1559833464, BAT, 15948.15658946701, ZRX, 15663
0xae9ec1ef33cf3ddf17a6ab0cec5a8cef4a898ff5c078e436ba287c357b5c3e06, 1559838293, BAT, 13564.846784811749, ZRX, 13181
0xd52f60f544c02e7145abefac82619bae556c97643cde2abb27cc6fbc734f7ebc, 1559932863, BAT, 9264.097195378996, ZRX, 9055
0x1daa858c747b48a5d4d0b4ece5b09feee92122816204bae9bd9b8ba092401cab, 1559972635, BAT, 6461.326336344658, ZRX, 6028
0xe479b187e8ca89d0c0b65f7b2b4e1d24efd34a229114749e6736faad88e0bfa0, 1560119015, BAT, 5292.60866136002, ZRX, 5088
0x6062224daa45acc366d26e3114b29829c717e376efafbf94c5e41678d4962f31, 1560162521, BAT, 3585.089464102405, ZRX, 3419.9644
0x1faccbc664256a718290e6cb764762482b9de36c4f0483c9877b8b9913393130, 1560278939, REP, 167.9683172190912, ZRX, 9087
0x7dd81c85c657dd8bd990e2393acd40268c920d65fc21f5bdb099e17db77e6d61, 1560308803, REP, 123.46238620472965, ZRX, 6644
0xc7823a30caac5e05fe6aacb3ed0e2f459a931a940a7dd0094e1c95180b3dc8ff, 1560358272, BAT, 5073.929472637841, ZRX, 4847.7648
0x973938409d605c858816885a30eb6f31001e191b3e37f302223059d3ce5cda72, 1560545764, REP, 122.51123853971313, ZRX, 6297.7812
0x95e4850df2cc0d6c2e07996027f44dc10980433448b2ef335b2054e9d3797e77, 1561908465, REP, 330.62732291199796, ZRX, 16502
0xacae21c557fd54ad58638814732842e8994c572cd133780dd929a22d7c6fdc2a, 1561971468, REP, 332.78759434383596, ZRX, 16603
0x609808cfe08c1fb98eae6559d8886cd7a04ef7073ba9a2113933719a56085d83, 1561977204, REP, 168.14601486358626, ZRX, 8301
0xc9d5778c6f33d66697ca8099004ccf4bcbc3e07b32948dd35fff47210eb86658, 1561983743, REP, 44.00876840874641, ZRX, 2151
0x5d382147e2410b5849f70571665c486d5286ad751c46e667a2b5a03ac072c6a9, 1562935965, ETH, 0.024503967941194773, ZRX, 24.01555402188399
0xe5c18544ffddfa7ba70d0f8e1b2d28fb1c7322de189dde13f9f9cb58f06ebfc4, 1565411559, ETH, 0.011928046486191, ZRX, 12.0991
0x179ff69fa3643ab176bfbcc3ee698e1d50224641c2d2cbc8304207fff1ddba67, 1565901988, ETH, 0.1127038773621175, ZRX, 112.39499264068247
0x48ed7ddab301a9c71070077a74fea4763c6e92c0a8894c380c29cf8d6d16b3cb, 1566573150, SAI, 0, ZRX, 2.78669e-13
0x5881ef2d643ccb53ef30f436856912431cdee799b2c05c8aa30bae9152dcad2d, 1566605562, SAI, 80.96281068296277, ZRX, 389.00979557220376
0x044c4a5ae7654430211788b4f9575221303d6a750c021c77a3a456dfaf8de535, 1566621425, ETH, 0.19847146982706024, ZRX, 180.86957649591787
0x2edcfdd9c7d7a3db644b851da08d37946262a25c44c1a1345c7a8184db4cbc7b, 1566621672, ETH, 1.8121920000906824, ZRX, 1631.6144370408053
0x4bd777e713ce6ec3628b464f6091ae1febb21ffe74ffb8a1b63bc4481e48ee6d, 1566621720, ETH, 1.7985583565507512, ZRX, 1619.3393304766448
0xae6254ceb1e137d013995dd81171699630e129ab137b0244c3c832f52d40b343, 1566621720, ETH, 0.838144973778675, ZRX, 754.627235712885
0xad68ae99a848f1e76df42230a6c0d62418e2ac6bb3cf2863f35ff4e2a4bca6b8, 1566621810, ETH, 0.8529362867091159, ZRX, 767.9446541543633
0xac800de9faa8e60b65ec9b312d1c5acfde986233b9ebfbcb9862ff56ec17007c, 1566634556, ETH, 33.52377874193423, ZRX, 30040.75426099601
0x486393b93a528ba1d6a6f7ac4727080c28d0debf17056ffa583a8983ff57550c, 1567113984, ETH, 0.03132989535570582, ZRX, 32.5714469475495
0xc1053ec8154e7f54454e551b36387fb1e366baee0a03be9a4c6fee62e52a05d3, 1567468927, SAI, 35.480557399023304, ZRX, 194.77146486703342
0x5c660405bc416d1d011ebde57ffd8816bb0abee235b99aac4797cccf8ef94180, 1568735307, SAI, 17.1982454229076, ZRX, 97.55613122941641
0x8ebc71db7e374dc992141074034188edb6f1711b693580e84ca755e94f13a296, 1569069330, SAI, 12.067322833778263, ZRX, 48.80914914291638
0x74c147ad2aab594d3c8d91fc8a65cc9a7888011dad7ef45839664e063c2692a5, 1569069470, SAI, 6.033662414376171, ZRX, 24.404578601738837
0x43a6353f265b6f9c3c9474098a4b9f5846e5b4ce29c7015306fdee569ecaf9f1, 1569462716, ETH, 4.13181840742845, ZRX, 3129.911213087464
0xea26832d03a757cc831d45d58e4cdb5914776c729a908da19a0b519d9f85461d, 1569462716, ETH, 1.9814302978352836, ZRX, 1500.961633716934
0x700c99c216153b7aa55a22faadafa1ee97acbd2c3020bd4058970874cf1170e8, 1569522649, BAT, 18.195141265021434, ZRX, 12
0x2d13674785b4a3751830babc6a6ed1cc47e6a1150162e4f001ab2dc6eeb6ff38, 1569522788, ETH, 0.02282349941302992, ZRX, 16
0xb939dbac1b1184b4ce4151dd3c54d56e61bcd31f2f2251fc7d796825cb7668ae, 1569522788, ETH, 0.01141174970651496, ZRX, 8
0x7b2701ec5d5f342c291ee55e52e2fc0d265ebd0f13af2fe98dd75071c82ee282, 1569651548, ETH, 0.0261349892032368, ZRX, 20
0xfd2e09cdb8deeb126bd1461c54b7e11365d015da819e871dc65d9dc8f8fde23d, 1569651702, ETH, 0.01960124193431315, ZRX, 15
0x87ad6750631add0a0eccb436f0d80d8cf5db017f60147982089cbe6deac3ae9c, 1569971468, ETH, 0.0362801605703052, ZRX, 28.559078950984958
0x15b8fcb7b2e4dfa9e3feff92a32eaf0d64ec2c68c47ab3c0475f235370b87f6b, 1570134590, ETH, 0.010423093773508892, ZRX, 8.2686
0x5d209080838ef7bb64fd5baff8a63f236858ff237d28f281285340e2d36c6693, 1570208685, SAI, 14.40522096298324, ZRX, 62.1485
0xcf538d128535fb779618344fb89ecad9fa4622ee418263eae265962e12a5b768, 1570209488, SAI, 0.09727168791146906, ZRX, 0.41965961608310187
0xdbccb58bd98cccb3d1e48abc9275dcc19bd0cdc51922f2bee6779f7afc57571c, 1570209488, ETH, 0.0028615976704907155, ZRX, 2.182185310249025
0x17a3d9bbcf0d634da6b54dcaf0bbc5b5d4ef8aaf59ae2d255bc4ff3bfbf612b1, 1570209488, SAI, 0.0009483368193504082, ZRX, 0.004091413884275601
0xcb4fac4269a20b72be41293a6034488beda76a96bc5a838f4a2f188764c111d2, 1570209867, ETH, 0.02011573037524173, ZRX, 15.177731962617765
0x7f16bee9e040f8ff591b32039e2cd28a83a6e22ecf2db89686fcec3ebbc0c158, 1570531384, ETH, 0.02805460277396399, ZRX, 20.2348
0x20a22b934cd8155a49c3c6247fe29a4bb70f6e87e3176524e89b6a97f1b93c43, 1570592360, ETH, 1.1931418974176646, ZRX, 752.2437780564289
0x7653f176b0c581dbe3caf941e32aafc7248bc4e7f9a9959c6f518ce74a3a5b52, 1570607649, SAI, 8.787446328678731, ZRX, 31.4314
0xfa0b9a9fbdb7f8ebc3da648f0a4176464c558c7288e9b980c364c3ebf0bc34de, 1570726615, BAT, 8.752526709342689, ZRX, 6.0753
0x5ded4ca9dadff1296608d9264dd8097a1c53ac4193055eb26770ddfd86850cf1, 1570846538, ETH, 0.006288919008867099, ZRX, 4.1862
0xb58c139208eae3ad96489dacfdd95bc3bedfcac2931ad23026c2185d561664e9, 1571010378, SAI, 589.0214598803319, ZRX, 1922.58036157495
0xaddc9b5812e431031fb94e47663c9d09e060b2a9253002befbc3dede91682576, 1571062558, ETH, 2.8825868838574564, ZRX, 1571.432226220685
0x5e9d1b898db3e520ee29eed76e91bffc093493ff8675efc4ad62dab9d394e784, 1571071126, SAI, 2.7712934299878738, ZRX, 8.3614
0xdaa37ee46dbd25b39a6cf57b49017743bc4289f61946c125739bcd6f677f7faf, 1571071206, ETH, 0.018416410199052144, ZRX, 10.2388
0x527e0490c674dc8788a0a34489971977cf5a24fe4924bd907be4d7b0a73aba79, 1571071303, ETH, 0.011077581757716604, ZRX, 6.1587
0x6e179629e88d09931308dc4a96645e43994b196337e869d3edf6392bfb073a2b, 1571080536, ETH, 0.018320178530568953, ZRX, 9.9411
0x94ab189d717f8a7b5a32c9311c9e634c3073c54ed6d224f115bc7a282c9a5368, 1571081057, SAI, 1725.405361112284, ZRX, 5016.570908426042
0xd5c1d733d42b0048c2fbd0c46729cb055ecc07035bd7215c755a79a516f1e5c3, 1571089832, ETH, 0.7204360878781049, ZRX, 376.80796014716003
0x07d8982bf5dfbfa2b46e9a1d512595f388a60826c3e9c82ba73e242fc779181a, 1571099140, SAI, 5.448982461186716, ZRX, 15.8994
0x88bed326e4b273736388798be8e0182b783ef52e18f5091cb1e3beb3025b2489, 1571238223, ETH, 0.013935314850071184, ZRX, 7.5382
0x553cbae7a0594e1c17820a56b6d80c02f7776be1cfc0518493c963d1f96400f7, 1571238306, ETH, 0.009560910409350984, ZRX, 5.1719
0x8ef5e29f04e1b401700e3ca2db78a014e2b219293024560bb169bc01d4278315, 1571243292, BAT, 4.6973283067300615, ZRX, 3.0723
0xa324ded6485ef370b8ec6dd8a6d515f59f8ba637e6ee92d8f0939fe8b73c082e, 1571327024, ETH, 0.02497203859526647, ZRX, 13.1594
0x32bf152dd4212fd33068163b7da14023e8a941f78272439513726dea81fb5cd8, 1571352584, ETH, 0.0020512740809952353, ZRX, 1.0949241226203166
0x4ffce0e7032f1f5bb3eb26758ce6c9cc67f03fedb1d1cf25e42527a3756acb8c, 1571352584, ETH, 0.004004857305126275, ZRX, 2.137702921603739
0xfdb19276a55ce5bfdaa3c5c9dd67b42872df7953d8552aa591fb22a70107a55c, 1571353445, ETH, 0.0010256381532826365, ZRX, 0.5474626622710436
0xa7eda0cceb1c9d6bb3acc3d4eec9aafa5438f667fff71c12eb077994b41b7de4, 1571353445, ETH, 0.0020024308775496496, ZRX, 1.0688526341031184
0x87e164b4f3ec011e21db357d325074430800cf8d247ba29b3d483fe1ec3f3a36, 1571353732, ETH, 0.0010012159436795305, ZRX, 0.5344266054050106
0x0d9d6fb75a57172b5556cbbc8d65479ee0684937366aa79a014f480c17fd8555, 1571395734, SAI, 0.06664794190653454, ZRX, 0.2105790871650314
0x2b66c2012b7684f968f7f16a505e18c8d438f4da0cf6c5357a68cf85c2a6be6d, 1571395734, SAI, 0.002520300508983346, ZRX, 0.007963075431408138
0xd8971f2bbca9cc45b8a08797a98fd7c666a46e022d659efb68c0eee5f1c037f2, 1571395762, ETH, 0.0005074291877237208, ZRX, 0.2737472423763248
0x6462a07f77f43544a7be6bb6cd850cd40514bf2dcc893fe835cda042df708158, 1571395762, SAI, 0.00001551838491265693, ZRX, 0.000049031753828592
0x75ee5799edc95cdd3711744855c68e136b45fdc9bf91f5703abff9835975ed83, 1571395762, SAI, 0.0006497748810831159, ZRX, 0.002053011974648523
0x6f1a271d3feda315140691b5cdb84587bdcab84f48af235994c225225d09150b, 1571416923, SAI, 0.0003220576898746701, ZRX, 0.001026535819625665
0x7203609f5a56d2bad20246fbf23c975d058bb1097c4d82307de48a9e499f2709, 1571416923, ETH, 0.00025135122786164527, ZRX, 0.13687759900726132
0x2ee4bd0e614e8048584270a28689f27983e8a537a5f017dcddcee32465f4fae1, 1571416930, SAI, 0.03303372679949182, ZRX, 0.10529260350548986
0xff8b6453c10761d56598b53cd66aac0f5f4dff28238b37aec3c7e04ba6285cd0, 1571416930, SAI, 0.000007691547233215036, ZRX, 0.000024516589394338
0xd7c8f22c8104131987e30c6a80001345dcdbf2cdcd580672e3f009846816b534, 1571416930, SAI, 0.0012491744997186927, ZRX, 0.00398165342708731
0x9788f8a3f2d714ce9c88c93f720b35bab7a79efb6ae4d5ada04a05b8fe1e1994, 1571496218, ETH, 0.015320981972278333, ZRX, 8.3796
0x445d174c73fad2690de69df827898f77e393eca31a8c1a3adf49b494f2e5b3e7, 1571584379, ETH, 0.017244129436387246, ZRX, 8.4183
0x0947131cf70bd476e78744c0a3183506737f103de773dd02fed2e0a53676ef6d, 1571614997, ETH, 0.0067454529186311216, ZRX, 3.3875
0x6dca83accb039c263318cad35512a209593a452a99e3578f4d06b61506893f2a, 1571802082, ETH, 0.00759457709666388, ZRX, 3.8097
0xa2c0ee6b79278d0da1ea2e6c0de0a7d3267effbfe4b36c1bfabaf096ea2d36a3, 1571846756, ETH, 0.9683164969252109, ZRX, 503.49026718198303
0xc8a9569a2914bee70114ad84dcc1f70af44ce13265c83507b6be793bc5b4404f, 1572186031, ETH, 0.007127937029429781, ZRX, 4.2546
0x92a736cf77fe23f79dc8a745a69729f111199d3c593274b910fd66840945bec8, 1573075642, SAI, 0.0006161270256064559, ZRX, 0.001995106520442669
0x431d13ead8a142ace65803c63570899793b35941fd1297b3441c9a5884560a51, 1573083682, SAI, 0.01661911676203298, ZRX, 0.05276007512214117
0x2ee5e086b7d3f834d007fa29210f4bd12972796ad25dc0471f1bbb80fc7a5a6d, 1573083835, SAI, 0.007478611009545829, ZRX, 0.023742061038861006
0xc599d25e6bd0a16779bc844ae6c48c0d8d7a66c32776eb69038ff89b7fc8b109, 1573393232, ETH, 0.8792097163796351, ZRX, 500.2146538498644
0x0d8acc1ee4f78e90bf4752520574ef4669bff14d46df2bd2b9097dae45430008, 1573517635, ETH, 0.3873306821608133, ZRX, 225.12931480930607
0x35893a5653ba00d1ae5da3757294cc7e2b16a2a3b83d4471c6f89839836eebce, 1573946896, SAI, 0.0029741483378190356, ZRX, 0.01025814193606418
0xc63cd1cbab9e11852b2bee520d58c48c8987a9547ccf90273597645972d7abc6, 1573947034, SAI, 0.000006980145745064979, ZRX, 0.000024075243263349
0x3bae212bf469002d8677ba4b15f78823718124b4bb123566fb90b5d0648f6157, 1573949218, SAI, 0.00023240816584639803, ZRX, 0.000798126256568014
0x47bc7f918e985e89213427844b76cb5a965c02dfba1d3402f8a1c4add6b42251, 1574369206, ETH, 44.81185158723357, ZRX, 25450.25332832438
0x502397c99115ea77c6203aa7552b8768185e78b0dc1f9945db1e0b69d2a2cc2d, 1574555394, ETH, 0.0003674722451016803, ZRX, 0.21460767941526576
0x62eb396e68514a94e2cb489b4454752ea8f675a2f3c91a64fb816dd06828929a, 1574621810, ETH, 0.003055942379199708, ZRX, 1.7412624725764052
0x19d289b86178120d9a5b09712d37e9873d597aeaae852f013913aa3984a70b57, 1574875634, ETH, 0.00012332730510335172, ZRX, 0.0687262569713435
0xa8dd3b8ee1e29e7b0fb167ea4c1a4157910a0de9b4ee790711025c4984a2d5a2, 1574993876, ETH, 0.0024267216312096546, ZRX, 1.2934
0xb7ba825294f757f8b8b6303b2aef542bcaebc9cc0217ddfaf822200a00594ed9, 1575978115, ETH, 0.0010506968583795992, ZRX, 0.6538
0xb13f59df6bbb47d6abb1cbb2a01f7b7bbba45dda177cdb030c6aaf3469f3fd92, 1576537867, ETH, 0.0001014666157788161, ZRX, 0.06674327389942501
0x1574bdf297d16a8599ccdcc51d0e1abccb35e1ff83499f6b138aa255a6d7b980, 1576537928, ETH, 0.00010146661580455784, ZRX, 0.06674327389942501
0x3177d7cd8fa2c078a8ec165794e2fc3ad6151ef7f20a9b441d57d0cb187903ae, 1576537997, ETH, 0.000101466615836735, ZRX, 0.06674328428137742
0xd6c939bfc8d79fd1373ecf2379520147a801d8f5087b61f608879da5ff9b6c93, 1576538621, ETH, 0.00010660720337943256, ZRX, 0.07012471256598514
0xb74d8dd3de6953c81b70bea58c14501dce87a9454793655719a587f574e50d7d, 1576538669, ETH, 0.00010660720339295549, ZRX, 0.0701247169291856
0x476a035552add5955327a386fad96f251272e75eb24d765031151c3f49400140, 1577147100, ETH, 0.0002465197914355122, ZRX, 0.16356664454085465
0x2dd625ba16335c559cdedebd5f7588b37918a8c2e8025d43aa6ae85ce83d43dd, 1577632983, BAT, 1362.113339272828, ZRX, 1240.6865382611086
0xc7d1544eb4dc5bc8e8f975680ad044488bfc798adb8aff892899fb7f68df2d38, 1578488506, DAI, 467.2960131193697, ZRX, 2090.3045883402046
0x2d8edd77d814f5735413026e394f7459806ca7ee4e0040ed60eb5724da4960c7, 1578619621, SAI, 11.47287309019092, ZRX, 52.74495
0x84a61e42ace8555f62b9b715c51c8065a9ab32226ca88fdaf4abc7b446b7e95c, 1578670015, SAI, 56.81427336932999, ZRX, 260.69579712250265
0x0e2b19cfa927ef1bc125fbeb978e6541e184f0d744f2b5de72661736d39c80b9, 1578702584, SAI, 30.220837531537313, ZRX, 143.38905517909905
0xa8852af75d535c35800edc6b8e44c12d39a8504dc0e5e569dc43f45d4c21b3fa, 1578761470, SAI, 17.336049938388925, ZRX, 78.87035224145255
0x4ecaacb121d3d11d4b936230622c2d93b8f0f83f4de8dd6bdfdf0682a008fd94, 1579201084, ETH, 0.13272728050048482, ZRX, 82.34497120195019
0x4a0ebe3b3f0ffbcabb301755425d2e1a431e56eebd6ea3417e7c4d4dfb452283, 1579201685, ETH, 20.89781414895714, ZRX, 12790.255296179801
0xeeea0c04079a4de87f26a0fd212bf3e119d9792ca964eeb1bf1a6d9137032953, 1579476390, ETH, 2.3583093249813647, ZRX, 1622.7177812225646
0x560a047f8388b11902d0b85be45903d9016bd90b29b4bb64d4e48d926699f980, 1579477156, DAI, 475.75171923362205, ZRX, 1966.1320188165203
0x9f61c737d6c8c69dcb08c10df021de96c579c7526ba6c5395967c844e217073d, 1579483133, DAI, 310.54039938418526, ZRX, 1269.0325238018327
0xbce8bff765b2b4370de07315fc3568a2448d887e9218f2e2b80fc2a18d22f3c7, 1579486853, DAI, 199.4554390694147, ZRX, 805.3429093204439
0x1c25bf5ddea02e04bca704805334333193ed8125bd3d9ba7e7c8a2f05e41a008, 1579531414, DAI, 127.26977843055776, ZRX, 526.4453934729607
0x1182788a7627238ec2ecc7f397c42de708aa5999cc37abb33f5644c4196181f9, 1579535793, DAI, 81.51012950125782, ZRX, 333.6466728055251
0x2f1f3d41d3d9ae1724d56c9f2116be513d20937fdb76df963b16e85649ce3954, 1579559821, DAI, 52.493999965779615, ZRX, 214.51799867859384
0x5d738b8e08ebbc3fa1c46e2e96c60f9c7cde86df5e3d83a1dc4b1b843ce4a60a, 1580027321, DAI, 78.76350242975275, ZRX, 325.54156949480966
0x04bd8217b4093e29b787596ac4f4c198e9bcf99d860e383bb511160f65a0b323, 1580207810, DAI, 43.304877352391536, ZRX, 179.0932177823174
0x6161c8a700d78ef5b26be29aaa2103af1f7fded4082945ba2389a205878f642d, 1581261432, SAI, 0.00036862634677775077, ZRX, 0.001241064957433759
0x1104296d69290f66cc8cb87cacddff93a2552c4bde36a5179a86e16273633e29, 1581441549, SAI, 71.34017559940948, ZRX, 223.94961666560798
0xb9dd8ab979582e2eaef96a510c90329d18c9e8742dbeae791c031b9987bf5aab, 1581468092, SAI, 3.934523105405084, ZRX, 12.2899
0x9206b3a73b46744f789816b6bb0f398bee172351435bf930d1bc95eec49a6ed8, 1581542073, SAI, 37.94079109768045, ZRX, 114.46794698350521
0x93a3db2d56b097a77775242433956eefe7c8eaf60398f4de14c0b4fcbc60481c, 1581699707, SAI, 319.5408371842732, ZRX, 876.6884385611531
0xd436dfd812fb727a2f8b3888fcbe0e57dba85a41d27a7359774e2521199b8b44, 1581781598, ETH, 0.276197937301427, ZRX, 204.77334007977493
0xedc711029723da44111a1fdf2e268f4f46dc56bf2701b6822ab99b3cac6bca9e, 1582430903, DAI, 45.89411607155205, ZRX, 150.94759806956844
0x8c9372b44fed08e3e46de049fb0bc3f04c260c96f9dec379a6e445c4d38e5bf7, 1582453088, DAI, 45.01609981808815, ZRX, 147.57888562089832
0xf4e7d5b0f837c1e3dac20ac548031592203edcdfa29bd647b408391ea15b1214, 1582559203, DAI, 362.9009960896399, ZRX, 1240.1350774117511
0x4bc76d6e603bfd22ed3697662e9db2edff83104a954f3daa2f47b9707bb4987f, 1582569645, DAI, 565.5016054876987, ZRX, 2001.2756888844658
0x7cca647b01ddaee73c3bd3921d8d3642b333c2836e5d9cdef7a50265212e8210, 1582590691, DAI, 162.12137250732184, ZRX, 580.3781884561479
0xcbb95c5e860f9f4e8649c4ce2d99b8b61a4c44157f965064aae276e30196f874, 1582669514, DAI, 65.63896642508507, ZRX, 240.6636944572126
0x54d0c4e49c4b29612d38680008061a154847d41b544381147b0adf85656a1576, 1582807145, DAI, 109.86396462368343, ZRX, 423.29212704176945
0x2efc02a64edbf5553a6e61714505d667e2cb5979a7467c9fbed9de719ae1a925, 1583083300, ETH, 0.15258276205386365, ZRX, 138.52944061554868
0x54eac731096da59b927f7a39ad0307ca7734c4496aae7c730da0084941027fe9, 1584056296, ETH, 41.94132883835162, ZRX, 28629.64139184055
0xf438227efea238c777f9a1db0b22d282dd548fd1089158fda70211f1bd70432e, 1584127759, ETH, 0.23779910270785276, ZRX, 182
0x21db6d6d9d3e52d6cce2f4c956d06e3ff26b606976f88242165e75aa50101f92, 1584145850, ETH, 0.12132974241616878, ZRX, 91.1
0xc489577d065e6e4b607765c4cb76d6db0df36145fc0a55bfdc47d8f43c1d9256, 1584156449, ETH, 0.09375422641097735, ZRX, 70.0695565085215
0x966c9534cb68de15777721d7dd0815492079fd29893b46515f012e44821aac09, 1584167167, ETH, 0.05928708294061473, ZRX, 45.5551147309828
0x24156e75dd6f7390dc17805526da5f0baf931fc62a3eb3c536646a7d8a3b453a, 1584198224, ETH, 0.04662770531759519, ZRX, 35.03662101324032
0x54be70bf2c4d2bab24e13a0e66c791a76516640fd52c5d5e1d2d9d33ce49eeb5, 1584441623, ETH, 0.023470027195056063, ZRX, 17.522536884507
0x478f22011f27990eb67ca59abd2f410ea5e0fca0241105ddb96c01ec8686d4d1, 1584468948, ETH, 0.001663830176415748, ZRX, 1.25539886840573
0x2d68c2a5176a645edbcc66408e0380a27a19a4fce18df800a2b40def27306ca0, 1584469588, ETH, 0.021961178064330646, ZRX, 16.570224637058
0xc6a368fa3a0f725ea380b7ac0f4b6e7753d0c5345c801b12f8a594faebadef10, 1584486831, DAI, 3.9020687073381985, ZRX, 25
0x572285f90efb6b52621d37e765f7bce7dfebfd7339c17bd6ade6e2e21b0bd883, 1584490478, ETH, 0.030501724081444935, ZRX, 22.785544045088
0x6e73258538ad22fa27e26b313cd1461ea44106313b25efb71187a6574cd82c98, 1584652078, ETH, 0.26599080125393654, ZRX, 207.22574828305218
0x5b93d9870c9b4676c023bbc7659b7726c1343a9ef246b8d592665d87352af763, 1584947584, ETH, 0.009900983665054174, ZRX, 7.945517946255435
0x3ac23224d2e7ebb18858603eb01b369e8dfdd8eadfe1c347e22bac7dec5276ed, 1585067282, ETH, 0.01053051506073035, ZRX, 8.6795
0x32cc38ce07839c2760ba17d3008f708bcc0ec016ec7ccced8997c87ad77b731a, 1585188830, ETH, 0.0052888611591381685, ZRX, 4.348
0x1c6bb58227f4de1da88dd161840e7ce7d30e137b881668cc705b4fdc3a890be9, 1585734628, ETH, 0.0027345499511518467, ZRX, 2.219001
0x2f8bb1e6f9b42a0b01fbea7c0cd71a95c77f5f9a8a351016df7d6750d2750e5e, 1586246242, DAI, 2.3117563286717417, ZRX, 12.532336248701105
0xe1c95902e5152ce295f26264114a104c6a99e8b1e9376a697d3b686444407924, 1587871699, ETH, 0.028365683252087253, ZRX, 27.401172896045487
0x5b23f79d92d10123b03e57615cb70d33a1c2843d061ea0032b6707fb11db5b9f, 1587935933, DAI, 1.3277211715504424, ZRX, 6.276100680577495
0xb554d21c0b9bbe8b6bd1500126bae917bacd757b86ff451714896f4c743573db, 1587952963, ETH, 28.571533181091905, ZRX, 24918.837752072897
0x8f23d87fc0a723112b313d1c3f4dd0602a391111488e1c26394cc944ead4be29, 1588208319, USDC, 7.019253187960151, ZRX, 29.49710020624427
0x1af4c97c01386465efc8cd5fcbd2e53d156f4fcbffb0918e6170de306b342ed2, 1588566672, USDC, 46.90304601688231, ZRX, 218.70359202725828
0x45599b1eba30b4a5e8e4b70e455d425e00edfc21c1f2d3bd2644246d74e3f873, 1588571348, USDC, 49.63815238973175, ZRX, 236.81638505859462
0x806fa5c14a0753b3aba560a76a3fe396687dc544921cdeb7d30b4a25c755bd90, 1588813843, DAI, 0.7905060080551267, ZRX, 3.141270195158272
0x34d740922e95809d9d096820ef160b5fc9ecd05f23aa7512dc7c0202188ef943, 1588813843, ETH, 0.017217164678758112, ZRX, 13.715812377607943
0x136b5aa7f3a78f78327bc6cfe603e4111d507cbb9790047aa99facc817e78041, 1588833548, USDC, 543.4936886553436, ZRX, 1949.2292124282098
0xca65144b84c4a6ba7149f84c486090a11607b638158532755b3d7c9b39e53138, 1588833551, DAI, 5.823351733935026, ZRX, 21.046535158773718
0x1c228727e1c1b1aea4a99bccc8795834aa79ea16a2bbbdd0423181e40a08832e, 1588833778, WBTC, 0.00045119671601630214, ZRX, 14.759338525314112
0xda33c87c0acc654405e2057887ce5ea7cc6ac8024a80a46ef853d85715e797ea, 1588874658, ETH, 0.21931781380053555, ZRX, 157.75568967077058
0xc2bfa68fc8410699acfbda9e3154ae7af6a983d176ba1e00eb7575fade27276c, 1588888703, ETH, 0.005884057133325893, ZRX, 4.027222888232453
0xa69721fc0c637300030a692ddabcdee61142a320f0dbcb3a8b1940f8de5b191a, 1588888869, ETH, 0.010020781568438077, ZRX, 6.858519585785288
0x50809cb9543d64d9291951b2b0da6d699e7e98e64ce1ea75038a3772f28c7d14, 1588889310, USDC, 341.11483905659566, ZRX, 1077.307829446959
0x35dec1b89b6e26dff141b98e1d59c00a439e6a204e783f93ddfc12bbbf9c59e8, 1588891511, DAI, 3.4359501804037045, ZRX, 10.523983310360974
0xd6a62dae4f64bff2d52c55e16aebc5da1ef3b81de5097a07dece9befa2425cfc, 1588891820, SAI, 7.674065602544283, ZRX, 22.66767611356504
0x18978cd3c19af0629baa44a0bc95f3a042770ee25ae9659197f2e4ffd2a7fdf2, 1588891848, ETH, 0.02101746741823585, ZRX, 13.146388111628081
0x59767c45f022d5ef19a23b5923d6e6b504380ad6cd6a5063bcde7f8d48dd394e, 1588891946, BAT, 149.556774785159, ZRX, 78.87947870017415
0xfdefce132fc8cf871bdaaa4bce4e5dc3fffde185e968bd2f95de349b7646bd38, 1588892179, ETH, 0.005856589807957613, ZRX, 3.429274279486469
0xcd78c2efdf08bf24b8ab50011b9616a0da1c74fb71ead07c2e8d165ecc234c92, 1588946071, SAI, 1.6489725438715543, ZRX, 4.357977484546415
0xd38fbe296222e7f0f218b172a1896c1b872a7f1b401c31cd6cb37c838c9f569b, 1588946071, ETH, 0.008046351187444808, ZRX, 4.444854992490807
0x1421ae972092831b58df76a91533004d690db5304dd17abeb2da8dedb5f561d8, 1588946071, ETH, 0.011901323757360728, ZRX, 6.5743661327542275
0xa9511d906ff01909943c3d04565a47aacce993dc427da9b3ed2e74159f9d8b0e, 1588947291, DAI, 2.048357871734464, ZRX, 5.262939460916214
0xf0516a97adaa0bd9353a5022174ebfa3b3653bb59ee3283a231b90be35835bb5, 1588948829, SAI, 4.561235453437114, ZRX, 11.335974220102985
0x68e519f282dde53333b4418c88296e00e8a1becb4c91c86470f4e25bd7444559, 1588949340, USDC, 79.86341512399137, ZRX, 190.04239419240778
0x21581418348fbb676250ae3970b7b4d2e84464f75af21643bdba924c870b37ec, 1588949340, USDC, 3.482347237771399, ZRX, 8.286567829114441
0x2f8d97a120b3b027d00f383ea62293197e12b20f4ce339a7ef430ba5f12c8f28, 1588949908, ETH, 0.7860898698377602, ZRX, 390.03160355176396
0x8d7cfe134ddd9a428d11c7d13f15e0bbb08b10b72519498871aaed1f05fd885e, 1588950003, ETH, 0.007021724936818336, ZRX, 3.2872488342292336
0x345cfc7a9bfbf9996c8d71e65aa552d106e3c6cedef6d836338a130ececda993, 1588950039, USDC, 231.61774669667057, ZRX, 511.82469536466004
0xdfdd65d3ae1b6897be13dcaed3201b514aa14373c6d10ed6eb93fa33c8a3d9c8, 1588950039, SAI, 236.7042404970762, ZRX, 524.8363989098394
0xc258413bded6d9e709235d3b5b534c9ee74de6840a940503ba620088bb5e9573, 1588950137, USDC, 3.527273914428555, ZRX, 7.509909778953276
0x0d46e0539c43e26a3f2501cd07d6b71e0831c66cf6271124835cdbd9bbb0ec66, 1588950609, ETH, 0.4539686204346317, ZRX, 204.76735271638586
0xfdc969084b9488ca2d10b9c502daed69473d8c9f43753d29be51fa09a61f11b9, 1588951466, DAI, 1.2180867749539401, ZRX, 2.63155778930199
0x5498a3cb123ef0280ac90d6a15264b75a999c79d1b7dd1512edb7109e0209b1b, 1588951633, ETH, 0.02233174694569626, ZRX, 10.438898811047018
0xb8def6102cdaf6d5aeb6f78e25303907067085da8c60fcc9cf56490125b68528, 1588955400, ETH, 0.005929232164490377, ZRX, 2.6949982702264546
0xe52280b7cfab4344fab224719b32618d8442e12a4a52e959e8248b1bf96bd0e7, 1588955673, USDC, 50.41007044610014, ZRX, 105.02772102458957
0x7ce7bb31cde543c4f14d9b8a214d6d348e641d1e3440cd6a8f98a5f6a10466a2, 1588957042, SAI, 2.678642955969844, ZRX, 5.668252293231119
0x0d68ad62e87291115eb1e435b901b6c0aafc4e5ee0ed3d184b8b4f0d7a819a72, 1589029629, SAI, 135.98354413366638, ZRX, 264.18178310644225
0x38b6b1447d6807372c26c141f285383a202b5a2ee4b9ae575e69bab9256c1b1d, 1589029701, BAT, 90.82958004197562, ZRX, 39.4653115544226
0x07533bb9f6883c59620c98e93efc922c6577d27538afb531863f64129a56d0ae, 1589120157, ETH, 0.004930046603496198, ZRX, 2.2247830858010054
0x2f18be6c55dcfc63feb4185e1c584fe7d5112185133b775e85438dc3d7806ec3, 1589135982, ETH, 0.0036957231805073714, ZRX, 1.7170529058422566
0x42935ea7619cb87863aca123711491aa4fc48f587d60ae473c9c4756cf8ebb5c, 1589256198, ETH, 0.003065260412995346, ZRX, 1.6043150288984604
0x56d118958ea16cc69ca4ee6f8319f61caafe57696f9cdfa812a30fa86f67c414, 1589297050, ETH, 0.0013317242225029937, ZRX, 0.6389475489298994
0x718bf94ec7352cae298d45cda3e8fffe627b876a9e10d8288609bde2a93ef978, 1591936734, ETH, 0.25065151338214525, ZRX, 150
0x13cb03434b2ce7c67235928f39b4e7e3b820643a8544d798db7ba23d8b50c2ae, 1592100736, SAI, 45.46472431546314, ZRX, 147.08544000991728
0xfc301c1c79204b6c6d8184a96652b6dc2a19fb2209c9c4e119849ae6b6fa69e9, 1592507900, ETH, 0.11740946339847783, ZRX, 75.08942998741041
0x313fe6308c2c5cbfab8c239750bcd9b91157988f30dd7c9e1370daadca21e677, 1592529026, SAI, 0.000018014147461730893, ZRX, 0.0000615735222
0xb36b3e5b2dad7dca405aaae64a6d85103d8a772dcc6f179c4e2be2f7371a65f0, 1592530184, SAI, 0.000018014147461730893, ZRX, 0.0000615735222
0x8ff42488ae849abf22b7de098d1a1ef7be5fb8ec9ce5fe5b36b8be88aa70feba, 1592649507, BAT, 379779.69967785955, ZRX, 215939.37999648857
0x5d8910b8b4b4c336bb437822acff27a57a5229f09364a2afb32f3e53e2b60dd3, 1592837790, SAI, 1.962645382636637, ZRX, 6.391012594997798
0xdf61ea27001924d255fb9c41dc2e2e975aa3d4d050b156b0276b90b455dd4698, 1592837790, SAI, 0.6761134865282931, ZRX, 2.2016457213297542
0xa31aa08278a961bcb2298331d84b1afc83aeaeae0ffda4687bd561d40ea47b0a, 1592837810, SAI, 0.38321962363154816, ZRX, 1.2478879083158487
0x40ba7a154b4ac5a150fa1591a61296b1364aa0451087412bd7da730283b47d98, 1593787559, BAT, 5172.315632222556, ZRX, 3038.1363018745906
0x7bd3c4f5b3c1879fca96013c3b1686692bc2626557405ee695ef1478527815d9, 1593826453, BAT, 14257.038055671244, ZRX, 7989.170615554442
0x49d91ae5bd7d0e6fee524169420843a25396de29978f7b8b275e57a0a212311c, 1594191131, USDC, 344.69015325063265, ZRX, 692.7869648496611
0xdf4ff9ce48999c017a57be7e306f624d1e002b86265c258858a48bd740d30691, 1594356503, DAI, 0.6590348821983075, ZRX, 1.518177398811658
0x10eaedb4d4ffa25cb69ba52259ccf7a57b8e1c7c2dfd189cd6b6b68d3e003c75, 1594357046, DAI, 0.3459980949158883, ZRX, 0.7970541495712063
0xc80ed3838185dcdc3c4c3dd33320322dc48d6d4dcd2a62e3cc48adef66e121e9, 1594537713, DAI, 11.419644627915979, ZRX, 25.21796735328205
0x8d1cf8324aaac09456a45d13eb7d48810aba42893e7ad52d334f3f3183453078, 1594681538, SAI, 24.32468960140145, ZRX, 70.64484662564593
0xdcde0991b74bc2e5c4920de216385a7b8db82c295930e4426ca4b51080160234, 1594710868, BAT, 0.7964770891166079, ZRX, 0.48980695563407917
0x52627c55427b954e49827aed6320ef99c992e08d6c9e0c54382dbd20c33156f4, 1594972549, SAI, 0.010512139739051143, ZRX, 0.030534536110256322
0x1bae62fc9033090bda8b6a2993d8b4761fa35e3b1af87a9889ccdc273fadbb4d, 1594977288, BAT, 0.01102185027297408, ZRX, 0.007095204972646723
0xd839221c1d56eaee79ebf037e0d1e8d65a9d920fb3bc6d6b619b350c3b72551c, 1595036826, DAI, 0.5604416742378652, ZRX, 1.3514472759118272
0x1d5c65b96afff5d04330979a0be38d72bb6632657d9fe52767d56a491a6f0ca1, 1595037041, DAI, 0.2805013976665033, ZRX, 0.676400180937982
0xfc118dc1148b4845d37faa47d058149a6b890f393baa04790cfea16832c9dcb4, 1595037472, DAI, 0.14192407550914293, ZRX, 0.33853904934880186
0x2af94221d6ab2c2845b735dda14eca9d7cf5e8c1d0cffa2ed71754720486d698, 1597701332, ETH, 0.2393505157249958, ZRX, 166.36686831098174
0xa73ac994dbb9ed8fc7c83e81ca1aec9b87889d50ec5546da010202a3ccc5f3dc, 1597701332, USDC, 231.77054911188975, ZRX, 369.3176481327106
0x6a6b1ef1a13a14c2310bd3216686be263ac9ae6c05bcfa060787c4b8b3d0d7af, 1597701332, ETH, 0.3496542094861168, ZRX, 243.03635037001055
0x4dda98a01fe588cafed94fa7e0c36da1462dffb1ecbb1a0c9053bef661611232, 1597953787, DAI, 61904.69486175015, ZRX, 93310.9554827952
0xbe2c7c65b3fbea80c2ea9a22316a7b40bcb2dcbe656881889e050c3078af5acb, 1597981424, DAI, 37481.306866999344, ZRX, 46665.6808875074
0x4ccf034d24fac427fb728207b4227bac71ffbd2047f1114005e8766315cfc36b, 1597998089, ETH, 110.23209353253557, ZRX, 47869.0972550707
0xaadf35f41a1d051dbdf716d51d4913c6959051fac987b7b5b6e3f31c6c966774, 1597998685, DAI, 23548.36610308924, ZRX, 23339.22422481383
0x477c30fe3e68e084b2fa2e7524e9dd1a0ccc2a20d11084cd270cf89821a980ac, 1598030955, USDC, 44752.113181677756, ZRX, 51755.54042598957
0xb4773a0e3a6a4ac0b00171595cc6361f592075f181dfc92a7136927d55aee81e, 1598032771, USDC, 133.9652689881045, ZRX, 154.93
0xe36a840d0b987d5f165c81325d0a1dc3525ee5c6417d0dfb2535e14b581b85da, 1600648664, ETH, 2.1358017302306544, ZRX, 1857.3837017970554
0x89c1ebd5f0db7edb6a7cccddeeaf385da418bddc2bd1475b2681ce2ee1a0c242, 1600657714, ETH, 1.1279207090427188, ZRX, 975.1612141667221
0x861a2a5aa639ed78c067bd39311b176bc1de6c056367b9813cd28d42be5edf82, 1601051392, ETH, 0.6483004777876656, ZRX, 512.7242926667927
0x75bfa32cb480ef46561d0ddf73c8c1713caafeb0206faf4657e717fb5b86005b, 1604694681, ETH, 0.2547924272282714, ZRX, 272.96488351897955
0x19fbf6e4a99ac481a7ad70ad5707092efc45408d12fd44e07f54ae11d56fe60b, 1607822525, ETH, 2.385557279023428e-7, ZRX, 0.00031735
0x97e373052baf41775728f043cc1e1bb87ba2cb0f9e78db1b4333700941ee6582, 1607825888, ETH, 1.4161117431612173e-7, ZRX, 0.000188126987800566
0x1f81491055f70baf9f899d6393f091c14b98fba799432ae97e3c52170fb9c851, 1608177999, ETH, 2.9444078547223472e-8, ZRX, 0.0000425
0xb00ee308c9dca50221240b3316fadd7072af5d3e3909f2fe3c1178f314a50df1, 1608207164, DAI, 0.014373924228988783, ZRX, 0.032221
0xacf781e79dbe6e4823290e083460ddf8886c7e73420934a200b3ac549eca57a1, 1608298052, ETH, 0.10711903738754297, ZRX, 153.0183201080083
0x07627697af2921ee352742ac65858cc6784b1ef0fa54bb9688853c2e90eddd82, 1608791306, ETH, 0.0004178064448004805, ZRX, 0.667
0x4ef2da34a4602731522c9cd1d2fd01361a57eef73b9afecab82fbec399467eb7, 1609284961, DAI, 26.649266539287307, ZRX, 69.10565838046159
0xfc8bc8cba8d6163778c9e1e98471ace0150ff5a022c849cae62b10d26da1d6f3, 1613072340, ETH, 59.610432707832196, ZRX, 57171.85262281342
0x55ff3e84afc5ceacc51e43f28732eeb63814c2567c576f5a951387e03dd94d6c, 1614580179, DAI, 174.53683544011577, ZRX, 127.55
0x31ab680770cbbca65539016dbf86c5468ce2402a6003827df1e4975d773b3b00, 1616325298, COMP, 2.041306550228072, ZRX, 514.0316598258145
0x6c8bfc972fe00db74be3562d85cbe636806ddddec9bccb449a5e21bc0146c8ec, 1617624232, DAI, 337.18495227500324, ZRX, 179.13695998402508
0x7b3f9d7fed2c8d2a7b7599a5e0a61e787dda2859a5e04308f648cf820e349bfc, 1622089536, COMP, 0.7035953652632176, ZRX, 263.1848245744486
0x7cebb9263d4fcd7aaf6da603a334676357448b1adf4dac19afc1fc627afa7ce6, 1623328710, COMP, 0.41677258076893, ZRX, 133.2943785417118
0x85d7874fdb502003b2f1cce30b08865c6e01bc6ff0b9c63ebf6a78739f4a78e9, 1625832427, DAI, 90.12716016679624, ZRX, 96.76205891372697
0xb4492e65eb3580a4c3df09f0921ad16a5f082921e2a5c9033d98b49eca27d7ca, 1625875498, DAI, 4.120040121321401, ZRX, 4.528338545179215
0xad87f64744c9cb085a400a0b27513d065e006eb8db02b17d6275ea276688edc6, 1629695059, DAI, 1604.1550753117072, ZRX, 1301.3292707830406
0x2e8239cb16612c67d44ea7717908efd0b2e015b3ab4ea86d66b089f1ab80e3ee, 1635673803, ETH, 5.4262143389355755, ZRX, 15733.540949458378
0xedbb0945b69ba4ad5398dae42d70666024ba0952cddc86155f44676bbf8ddd05, 1640194968, ETH, 6.27124396002753, ZRX, 27609.39557871989
0xee3adf2269273cbd1c7e6a263ca908195112cac654c0e74a517c44323b39048b, 1640618083, USDC, 112768.60556021545, ZRX, 116024.43213889243
